<graphslides>
<slide>DEL ALL
ADD NODE This "Like this one!" auto -
</slide>

<slide>DEL ALL
ADD NODE 1 "Key Handler" auto -
ADD NODE 2 "Image List" auto -
ADD NODE 3 "Extras" auto -
ADD NODE 4 "Graphs" auto -
ADD NODE 5 "Image Display" auto -
ADD NODE 6 "Graph Display" auto -
ADD NODE 7 "Extras Display" auto -
ADD LINK 1 2
ADD LINK 1 3
ADD LINK 1 4
ADD LINK 2 5
ADD LINK 3 7
ADD LINK 4 6
</slide>

<slide>DEL ALL
</slide>


<slide>DEL ALL
ADD NODE This This auto -
ADD NODE is is auto -
ADD NODE a a auto -
ADD NODE pipeline pipeline auto -
ADD LINK This is
ADD LINK is a
ADD LINK a pipeline
</slide>

<slide>DEL NODE pipeline
ADD NODE graphline graphline auto -
ADD NODE because because auto -
ADD NODE it it auto -
ADD NODE isn't isn't auto -
ADD NODE pipelike pipelike auto -
ADD LINK a graphline
ADD LINK This because
ADD LINK it isn't
ADD LINK it pipelike
ADD LINK it is
</slide>

<slide>DEL ALL
</slide>

<slide>ADD NODE 1 FileReader auto -
ADD NODE 2 SimpleServer auto -
ADD NODE 3 TCPClient auto -
ADD NODE 4 VorbisDecode auto -
ADD NODE 5 AudioPlayer auto -
ADD LINK 1 2
ADD LINK 3 4
ADD LINK 4 5
</slide>

<slide>DEL NODE 2
ADD NODE 2 MulticastTransceiver auto -
ADD LINK 1 2
DEL NODE 3
ADD NODE 3 MulticastTransceiver auto -
ADD NODE 6 detuple auto -
ADD LINK 3 6
ADD LINK 6 4
DEL LINK 1 2
ADD NODE 7 SRM_Sender auto -
ADD NODE 8 blockise auto -
ADD LINK 1 7
ADD LINK 7 8
ADD LINK 8 2
DEL LINK 6 4
ADD NODE 9 SRM_Receiver auto -
ADD NODE 10 detuple auto -
ADD LINK 6 9
ADD LINK 9 10
ADD LINK 10 4
</slide>

<slide>DEL ALL
ADD NODE 1 Chooser auto -
ADD NODE 2 Image auto -
ADD NODE 3 Next auto -
ADD NODE 4 Previous auto -
ADD NODE 5 First auto -
ADD NODE 6 Last auto -
ADD LINK 3 1
ADD LINK 4 1
ADD LINK 5 1
ADD LINK 6 1
ADD LINK 1 2
</slide>

<slide>DEL ALL
ADD NODE 1 Cat auto -
ADD NODE 2 Rotator auto -
ADD NODE 3 Translator auto - 
ADD NODE 4 Scaling auto -
ADD NODE 5 Imaging auto -
ADD NODE 6 ShutdownFanout auto -
ADD LINK 2 1
ADD LINK 3 1
ADD LINK 4 1
ADD LINK 5 1
ADD LINK 1 6
</slide>

<slide>ADD LINK 6 2
ADD LINK 6 3
ADD LINK 6 4
ADD LINK 6 5
ADD LINK 6 6
</slide>

<slide>DEL ALL
</slide>
</graphslides>
